{
	"content": [
		{
			"text": [
				"Le guide anticipatorie"
			],
			"style": ".forefront-title"
		},
		{
			"text": [
				"Tutti a tavola"
			],
			"style": ".forefront-subtitle"
		},
		{
			"text": [
				"Nati per leggere"
			],
			"style": ".forefront-subtitle"
		},
		{
			"text": [
				"Anna Maria Davoli"
			],
			"style": ".forefront-author"
		},
		{
			"text": [
				"17 marzo 2021"
			],
			"style": ".forefront-date"
		},
		{
			"text": " ",
			"pageBreak": "after"
		},
		{
			"text": [],
			"style": "titolo1"
		},
		{
			"text": [
				"Le App a supporto di genitori e caregiver"
			],
			"style": "titolo2"
		},
		{
			"ul": [
				{
					"text": [
						"Contenuti basati sulle evidenze"
					],
					"style": "para1"
				},
				{
					"text": [
						"Informazioni coerenti con le linee guida"
					],
					"style": "para1"
				},
				{
					"text": [
						"Sviluppate con il supporto di professionisti sanitari"
					],
					"style": "para1"
				},
				{
					"text": [
						"Con finanziamento adeguato (del Servizio Sanitario)"
					],
					"style": "para1"
				}
			]
		},
		{
			"text": [
				"Garantiscono che ai genitori vengano fornite risorse credibili e affidabili."
			],
			"style": "para1"
		},
		{
			"stack": [
				{
					"text": [
						"Content and Quality of Infant Feeding Smartphone Apps: Five-Year Update on a Systematic Search and Evaluation"
					],
					"style": ".cite-article"
				},
				{
					"text": [
						"Heilok Cheng, et all"
					],
					"style": ".cite-authors"
				},
				{
					"text": [
						"A Mobile App, KhunLook, to Support Thai Parents and Caregivers With Child Health Supervision: Development, Validation, and Acceptability Study"
					],
					"style": ".cite-article"
				},
				{
					"text": [
						"Rosawan Areemit"
					],
					"style": ".cite-authors"
				}
			],
			"style": ".cite-reviews"
		},
		{
			"text": " ",
			"pageBreak": "after"
		},
		{
			"text": [],
			"style": "titolo1"
		},
		{
			"text": [
				"Una App aiuta i genitori?"
			],
			"style": "titolo2"
		},
		{
			"text": [
				"I genitori apprezzano le mHealth Apps."
			],
			"style": "para1"
		},
		{
			"text": [
				"Richiedono contatti brevi e ripetuti con informazioni pratiche."
			],
			"style": "para1"
		},
		{
			"text": [
				"Un programma eHealth di prevenzione dell'obesità infantile incentrato sui genitori può fornire supporto per migliorare l'alimentazione del bambino e l'autoefficacia parentale."
			],
			"style": "para1"
		},
		{
			"stack": [
				{
					"text": [
						"A Mobile App, KhunLook, to Support Thai Parents and Caregivers With Child Health Supervision: Development, Validation, and Acceptability Study"
					],
					"style": ".cite-article"
				},
				{
					"text": [
						"Rosawan Areemit et all"
					],
					"style": ".cite-authors"
				},
				{
					"text": [
						"An Internet-Based Childhood Obesity Prevention Program (Time2bHealthy) for Parents of Preschool-Aged Children."
					],
					"style": ".cite-article"
				},
				{
					"text": [
						"Megan L Hammersley et all"
					],
					"style": ".cite-authors"
				},
				{
					"text": [
						"Randomized Controlled Trial J Med Internet Res, 2019 Feb 8;21(2):e11964. Doi: 10.2196/11964."
					],
					"style": ".cite-review"
				},
				{
					"text": [
						"A systematic evaluation of digital nutrition promotion websites and apps for supporting parents to influence children’s nutrition"
					],
					"style": ".cite-article"
				},
				{
					"text": [
						"Dorota Zarnowiecki, et all"
					],
					"style": ".cite-authors"
				},
				{
					"text": [
						"International Journal of Behavioral Nutrition and Physical Activity volume 17, Article number: 17 (2020)"
					],
					"style": ".cite-review"
				}
			],
			"style": ".cite-reviews"
		},
		{
			"text": " ",
			"pageBreak": "after"
		},
		{
			"text": [
				"Tutti a tavola"
			],
			"style": "titolo1"
		},
		{
			"text": [
				"nascita"
			],
			"style": "titolo2"
		},
		{
			"image": "C:/My/wizzi/stfnbssl/stfnbssl.github.io/cosie/.wizzi/src/17marzo2021/images/nascita.png",
			"width": 300,
			"height": 550
		},
		{
			"text": " ",
			"pageBreak": "after"
		},
		{
			"text": [
				"Tutti a tavola"
			],
			"style": "titolo1"
		},
		{
			"text": [
				"15 giorni"
			],
			"style": "titolo2"
		},
		{
			"image": "C:/My/wizzi/stfnbssl/stfnbssl.github.io/cosie/.wizzi/src/17marzo2021/images/15 giorni.png",
			"width": 300,
			"height": 550
		},
		{
			"text": " ",
			"pageBreak": "after"
		},
		{
			"text": [
				"Tutti a tavola"
			],
			"style": "titolo1"
		},
		{
			"text": [
				"1 mese"
			],
			"style": "titolo2"
		},
		{
			"image": "C:/My/wizzi/stfnbssl/stfnbssl.github.io/cosie/.wizzi/src/17marzo2021/images/1 mese.png",
			"width": 300,
			"height": 550
		},
		{
			"text": " ",
			"pageBreak": "after"
		},
		{
			"text": [
				"Tutti a tavola"
			],
			"style": "titolo1"
		},
		{
			"text": [
				"5 mesi"
			],
			"style": "titolo2"
		},
		{
			"image": "C:/My/wizzi/stfnbssl/stfnbssl.github.io/cosie/.wizzi/src/17marzo2021/images/5 mesi.png",
			"width": 300,
			"height": 550
		},
		{
			"text": " ",
			"pageBreak": "after"
		},
		{
			"text": [
				"Tutti a tavola"
			],
			"style": "titolo1"
		},
		{
			"text": [
				"6 mesi"
			],
			"style": "titolo2"
		},
		{
			"image": "C:/My/wizzi/stfnbssl/stfnbssl.github.io/cosie/.wizzi/src/17marzo2021/images/6 mesi.png",
			"width": 300,
			"height": 550
		},
		{
			"text": " ",
			"pageBreak": "after"
		},
		{
			"text": [
				"Tutti a tavola"
			],
			"style": "titolo1"
		},
		{
			"text": [
				"9 mesi/1"
			],
			"style": "titolo2"
		},
		{
			"image": "C:/My/wizzi/stfnbssl/stfnbssl.github.io/cosie/.wizzi/src/17marzo2021/images/9 mesi 1.png",
			"width": 300,
			"height": 550
		},
		{
			"text": " ",
			"pageBreak": "after"
		},
		{
			"text": [
				"Tutti a tavola"
			],
			"style": "titolo1"
		},
		{
			"text": [
				"9 mesi/2"
			],
			"style": "titolo2"
		},
		{
			"image": "C:/My/wizzi/stfnbssl/stfnbssl.github.io/cosie/.wizzi/src/17marzo2021/images/9 mesi 2.png",
			"width": 300,
			"height": 550
		},
		{
			"text": " ",
			"pageBreak": "after"
		},
		{
			"text": [
				"Tutti a tavola"
			],
			"style": "titolo1"
		},
		{
			"text": [
				"1 anno"
			],
			"style": "titolo2"
		},
		{
			"image": "C:/My/wizzi/stfnbssl/stfnbssl.github.io/cosie/.wizzi/src/17marzo2021/images/1 anno.png",
			"width": 300,
			"height": 550
		},
		{
			"text": " ",
			"pageBreak": "after"
		},
		{
			"text": [
				"Tutti a tavola"
			],
			"style": "titolo1"
		},
		{
			"text": [
				"14 mesi"
			],
			"style": "titolo2"
		},
		{
			"image": "C:/My/wizzi/stfnbssl/stfnbssl.github.io/cosie/.wizzi/src/17marzo2021/images/14 mesi.png",
			"width": 300,
			"height": 550
		},
		{
			"text": " ",
			"pageBreak": "after"
		},
		{
			"text": [
				"Tutti a tavola"
			],
			"style": "titolo1"
		},
		{
			"text": [
				"17 mesi"
			],
			"style": "titolo2"
		},
		{
			"image": "C:/My/wizzi/stfnbssl/stfnbssl.github.io/cosie/.wizzi/src/17marzo2021/images/17 mesi.png",
			"width": 300,
			"height": 550
		},
		{
			"text": " ",
			"pageBreak": "after"
		},
		{
			"text": [
				"Tutti a tavola"
			],
			"style": "titolo1"
		},
		{
			"text": [
				"18 mesi"
			],
			"style": "titolo2"
		},
		{
			"image": "C:/My/wizzi/stfnbssl/stfnbssl.github.io/cosie/.wizzi/src/17marzo2021/images/18 mesi.png",
			"width": 300,
			"height": 550
		},
		{
			"text": " ",
			"pageBreak": "after"
		},
		{
			"text": [
				"Tutti a tavola"
			],
			"style": "titolo1"
		},
		{
			"text": [
				"19 mesi"
			],
			"style": "titolo2"
		},
		{
			"image": "C:/My/wizzi/stfnbssl/stfnbssl.github.io/cosie/.wizzi/src/17marzo2021/images/19 mesi.png",
			"width": 300,
			"height": 550
		},
		{
			"text": " ",
			"pageBreak": "after"
		},
		{
			"text": [
				"Tutti a tavola"
			],
			"style": "titolo1"
		},
		{
			"text": [
				" "
			],
			"style": "titolo2"
		},
		{
			"columns": [
				{
					"stack": [
						{
							"text": [
								"20 mesi"
							],
							"style": ".column-title"
						},
						{
							"text": [
								"Gli inquinanti alimentari"
							],
							"style": ".column-p"
						},
						{
							"text": [
								"21 mesi"
							],
							"style": ".column-title"
						},
						{
							"text": [
								"I pericoli in cucina"
							],
							"style": ".column-p"
						},
						{
							"text": [
								"22 mesi"
							],
							"style": ".column-title"
						},
						{
							"text": [
								"Il bisogno di fibre"
							],
							"style": ".column-p"
						},
						{
							"text": [
								"2 anni"
							],
							"style": ".column-title"
						},
						{
							"text": [
								"Buone abitudini e strategie per invogliare il tuo bambino a mangiare cibi salutari"
							],
							"style": ".column-p"
						},
						{
							"text": [
								"3 anni e 2 mesi"
							],
							"style": ".column-title"
						},
						{
							"text": [
								"E se non vuole mangiare frutta e verdura?"
							],
							"style": ".column-p"
						}
					]
				},
				{
					"stack": [
						{
							"image": "C:/My/wizzi/stfnbssl/stfnbssl.github.io/cosie/.wizzi/src/17marzo2021/images/l'orto dei piccoli.jpg",
							"width": 150,
							"height": 180,
							"margin": [
								20,
								10,
								0,
								0
							]
						},
						{
							"image": "C:/My/wizzi/stfnbssl/stfnbssl.github.io/cosie/.wizzi/src/17marzo2021/images/mangia i piselli.jpg",
							"width": 150,
							"height": 180,
							"margin": [
								20,
								10,
								0,
								0
							]
						}
					]
				}
			]
		},
		{
			"text": " ",
			"pageBreak": "after"
		},
		{
			"text": [
				"Tutti a tavola"
			],
			"style": "titolo1"
		},
		{
			"text": [
				" "
			],
			"style": "titolo2"
		},
		{
			"columns": [
				{
					"stack": [
						{
							"text": [
								"3 anni e 6 mesi"
							],
							"style": ".column-title"
						},
						{
							"text": [
								"Cerca di rendere più sani i tuoi piatti preferiti.\n\n Leggere un libro aiuta a mangiare cibi sani."
							],
							"style": ".column-p"
						},
						{
							"text": [
								"4 anni e 6 mesi"
							],
							"style": ".column-title"
						},
						{
							"text": [
								"Come fare per essere un modello sano?"
							],
							"style": ".column-p"
						},
						{
							"text": [
								"5 anni e 3 mesi"
							],
							"style": ".column-title"
						},
						{
							"text": [
								"Fra i 5 e i 6 anni sarà molto utile un Bilancio di salute dal tuo pediatra"
							],
							"style": ".column-p"
						}
					]
				},
				{
					"stack": [
						{
							"image": "C:/My/wizzi/stfnbssl/stfnbssl.github.io/cosie/.wizzi/src/17marzo2021/images/musi piatti.jpg",
							"width": 150,
							"height": 180,
							"margin": [
								20,
								10,
								0,
								0
							]
						},
						{
							"image": "C:/My/wizzi/stfnbssl/stfnbssl.github.io/cosie/.wizzi/src/17marzo2021/images/è ora di mangiare sano.jpg",
							"width": 150,
							"height": 180,
							"margin": [
								20,
								10,
								0,
								0
							]
						},
						{
							"image": "C:/My/wizzi/stfnbssl/stfnbssl.github.io/cosie/.wizzi/src/17marzo2021/images/bminforma.png",
							"width": 150,
							"height": 180,
							"margin": [
								20,
								10,
								0,
								0
							]
						}
					]
				}
			]
		},
		{
			"text": " ",
			"pageBreak": "after"
		},
		{
			"text": [
				"Tutti a tavola"
			],
			"style": "titolo1"
		},
		{
			"text": [
				"5 anni e 9 mesi/1"
			],
			"style": "titolo2"
		},
		{
			"image": "C:/My/wizzi/stfnbssl/stfnbssl.github.io/cosie/.wizzi/src/17marzo2021/images/5a 9 m.png",
			"width": 300,
			"height": 550
		},
		{
			"text": " ",
			"pageBreak": "after"
		},
		{
			"text": [
				"Tutti a tavola"
			],
			"style": "titolo1"
		},
		{
			"text": [
				"5 anni e 9 mesi/2"
			],
			"style": "titolo2"
		},
		{
			"image": "C:/My/wizzi/stfnbssl/stfnbssl.github.io/cosie/.wizzi/src/17marzo2021/images/5a 9m 2.png",
			"width": 300,
			"height": 550
		},
		{
			"text": " ",
			"pageBreak": "after"
		},
		{
			"text": [
				"Tutti a tavola"
			],
			"style": "titolo1"
		},
		{
			"text": [
				"6 anni"
			],
			"style": "titolo2"
		},
		{
			"columns": [
				{
					"stack": [
						{
							"text": [],
							"style": ".column-title"
						},
						{
							"text": [
								"\n\n\n\n\n\n\n\nColtiva un piccolo orto domestico"
							],
							"style": ".column-p"
						}
					]
				},
				{
					"stack": [
						{
							"image": "C:/My/wizzi/stfnbssl/stfnbssl.github.io/cosie/.wizzi/src/17marzo2021/images/l'orto dei bimbi.jpg",
							"width": 150,
							"height": 180,
							"margin": [
								20,
								10,
								0,
								0
							]
						},
						{
							"image": "C:/My/wizzi/stfnbssl/stfnbssl.github.io/cosie/.wizzi/src/17marzo2021/images/bimbi orticoltori.jpg",
							"width": 150,
							"height": 180,
							"margin": [
								20,
								10,
								0,
								0
							]
						}
					]
				}
			]
		},
		{
			"text": " ",
			"pageBreak": "after"
		},
		{
			"text": [
				"Tutti a tavola"
			],
			"style": "titolo1"
		},
		{
			"text": [
				" "
			],
			"style": "titolo2"
		},
		{
			"columns": [
				{
					"stack": [
						{
							"text": [
								"6 anni"
							],
							"style": ".column-title"
						},
						{
							"text": [
								"\n\n\n\nDiventa un critico gastronomico...\n\n\n\n\n\n\n\n\n\n I momenti speciali a tavola uniscono la famiglia"
							],
							"style": ".column-p"
						}
					]
				},
				{
					"stack": [
						{
							"image": "C:/My/wizzi/stfnbssl/stfnbssl.github.io/cosie/.wizzi/src/17marzo2021/images/3 cuochi.jpg",
							"width": 150,
							"height": 180,
							"margin": [
								20,
								10,
								0,
								0
							]
						},
						{
							"image": "C:/My/wizzi/stfnbssl/stfnbssl.github.io/cosie/.wizzi/src/17marzo2021/images/momenti speciali a tavola.jpg",
							"width": 150,
							"height": 180,
							"margin": [
								20,
								10,
								0,
								0
							]
						}
					]
				}
			]
		},
		{
			"text": " ",
			"pageBreak": "after"
		},
		{
			"text": [
				"NpL e NpM"
			],
			"style": "titolo1"
		},
		{
			"text": [
				" "
			],
			"style": "titolo2"
		},
		{
			"text": [
				"Proposte di libri e ascolti musicali per le varie età"
			],
			"style": "para1"
		},
		{
			"text": [
				"Consigli"
			],
			"style": "para1"
		},
		{
			"ul": [
				{
					"text": [
						"Tanti libri di qualità per ogni età"
					],
					"style": "para1"
				},
				{
					"text": [
						"Le modalità di lettura"
					],
					"style": "para1"
				},
				{
					"text": [
						"Frequentare la biblioteca"
					],
					"style": "para1"
				},
				{
					"text": [
						"Frequentare le librerie"
					],
					"style": "para1"
				}
			]
		},
		{
			"text": " ",
			"pageBreak": "after"
		},
		{
			"text": [
				"NpL e NpM"
			],
			"style": "titolo1"
		},
		{
			"text": [
				"3 anni e 6 mesi, Papà"
			],
			"style": "titolo2"
		},
		{
			"image": "C:/My/wizzi/stfnbssl/stfnbssl.github.io/cosie/.wizzi/src/17marzo2021/images/NpL 2.png",
			"width": 300,
			"height": 550
		},
		{
			"text": " ",
			"pageBreak": "after"
		},
		{
			"text": [
				"NpL e NpM"
			],
			"style": "titolo1"
		},
		{
			"text": [
				"4 anni, Dialogico"
			],
			"style": "titolo2"
		},
		{
			"image": "C:/My/wizzi/stfnbssl/stfnbssl.github.io/cosie/.wizzi/src/17marzo2021/images/NpL 3.png",
			"width": 300,
			"height": 550
		},
		{
			"text": " ",
			"pageBreak": "after"
		},
		{
			"text": [
				"La App BeBa, un lavoro da implementare"
			],
			"style": "titolo1"
		},
		{
			"text": [
				" "
			],
			"style": "titolo2"
		},
		{
			"columns": [
				{
					"stack": [
						{
							"text": [
								" "
							],
							"style": ".column-title"
						},
						{
							"text": [
								"Con i feedback dei genitori"
							],
							"style": ".column-p-big"
						},
						{
							"text": [
								" "
							],
							"style": ".column-title"
						},
						{
							"text": [
								"Con i feedback dei pediatri"
							],
							"style": ".column-p-big"
						}
					]
				},
				{
					"stack": [
						{
							"image": "C:/My/wizzi/stfnbssl/stfnbssl.github.io/cosie/.wizzi/src/17marzo2021/images/work in progress.png",
							"width": 150,
							"height": 180,
							"margin": [
								20,
								10,
								0,
								0
							]
						}
					]
				}
			]
		},
		{
			"text": " ",
			"pageBreak": "after"
		},
		{
			"text": [
				"Grazie"
			],
			"style": ".thanks-title"
		},
		{
			"text": [
				"per l'attenzione"
			],
			"style": ".thanks-subtitle"
		},
		{
			"text": " ",
			"pageBreak": "after"
		}
	],
	"styles": {
		".forefront-title": {
			"fontSize": 60,
			"margin": [
				0,
				150,
				0,
				0
			],
			"bold": true
		},
		".forefront-subtitle": {
			"fontSize": 40,
			"margin": [
				0,
				10,
				0,
				0
			],
			"italics": true
		},
		".forefront-author": {
			"fontSize": 15,
			"margin": [
				0,
				80,
				0,
				0
			]
		},
		".forefront-date": {
			"fontSize": 10,
			"margin": [
				0,
				20,
				0,
				0
			],
			"italics": true
		},
		"titolo1": {
			"fontSize": 40,
			"bold": true,
			"italics": true,
			"color": "#e02424",
			"alignment": "right",
			"margin": [
				0,
				20,
				0,
				20
			]
		},
		"titolo2": {
			"fontSize": 30,
			"bold": true,
			"italics": true,
			"color": "#020202",
			"alignment": "left",
			"margin": [
				0,
				10,
				0,
				10
			]
		},
		"para1": {
			"fontSize": 15,
			"alignment": "left",
			"margin": [
				0,
				20,
				0,
				0
			]
		},
		"para1big": {
			"fontSize": 37.5,
			"alignment": "left",
			"margin": [
				0,
				20,
				0,
				0
			]
		},
		".cite-reviews": {
			"margin": [
				0,
				10,
				0,
				0
			]
		},
		".cite-article": {
			"fontSize": 10,
			"alignment": "left",
			"bold": true,
			"margin": [
				0,
				10,
				0,
				0
			]
		},
		".cite-authors": {
			"fontSize": 10,
			"italics": true,
			"alignment": "left"
		},
		".cite-review": {
			"fontSize": 10,
			"italics": true,
			"alignment": "left"
		},
		".thanks-title": {
			"fontSize": 60,
			"margin": [
				0,
				200,
				0,
				0
			],
			"alignment": "center",
			"color": "#e02424",
			"bold": true
		},
		".thanks-subtitle": {
			"fontSize": 48,
			"margin": [
				0,
				20,
				0,
				0
			],
			"alignment": "center",
			"color": "#e02424",
			"bold": true
		},
		".column-title": {
			"fontSize": 16,
			"margin": [
				0,
				20,
				0,
				0
			],
			"bold": true
		},
		".column-p": {
			"fontSize": 14,
			"margin": [
				0,
				10,
				0,
				0
			]
		},
		".column-p-big": {
			"fontSize": 28,
			"margin": [
				0,
				10,
				0,
				0
			]
		}
	}
}