{
    "pages": [
        {
            "name": "nascita",
            "cat": "Tutti a tavola"
        },
        {
            "name": "15 giorni",
            "cat": "Tutti a tavola"
        },
        {
            "name": "1 mese",
            "cat": "Tutti a tavola"
        },
        {
            "name": "5 mesi",
            "cat": "Tutti a tavola"
        },
        {
            "name": "5 mesi",
            "cat": "Tutti a tavola"
        },
        {
            "name": "6 mesi",
            "cat": "Tutti a tavola"
        },
        {
            "name": "9 mesi 1",
            "title": "9 mesi/1",
            "cat": "Tutti a tavola"
        },
        {
            "name": "9 mesi 2",
            "title": "9 mesi/2",
            "cat": "Tutti a tavola"
        },
        {
            "name": "1 anno",
            "cat": "Tutti a tavola"
        },
        {
            "name": "14 mesi",
            "cat": "Tutti a tavola"
        },
        {
            "name": "17 mesi",
            "cat": "Tutti a tavola"
        },
        {
            "name": "18 mesi",
            "cat": "Tutti a tavola"
        },
        {
            "name": "19 mesi",
            "cat": "Tutti a tavola"
        },
        {
            "name": "5a 9 m",
            "title": "5 anni e 9 mesi/1",
            "cat": "Tutti a tavola"
        },
        {
            "name": "5a 9m 2",
            "title": "5 anni e 9 mesi/2",
            "cat": "Tutti a tavola"
        },
        {
            "name": "NpL 3a 6m papa",
            "title": "3 anni e 6 mesi, Papà",
            "cat": "NpL e NpM"
        },
        {
            "name": "NpL dialogico",
            "title": "4 anni, Dialogico",
            "cat": "NpL e NpM"
        }
    ]
}
